Player Name,Player ID
0909,4768
0din,5413
1116,2896
113,3845
1Jiang,5421
1xn,5177
23Nino,5568
2T,4206
369,1922
5Kid,2660
665,4516
ACD,2119
AHaHaCiK,1482
AKLASS,5062
AKi,3298
APA,3808
Abagnale,4315
Able,1266
Abner,4821
Acce,1031
Ace0,4118
Acee,397
Achille,5555
Ackerman,3640
Acorderr,4933
Adam,3489
Addusto,5053
Adii,4650
Adiss,2453
Aegis,3115
Aeon,2147
Aetinoth,4434
Afroboi,4332
Ag0nypain,5521
Agresivoo,1468
Ahn,4403
Aiming,1328
Aincardz,5319
Air,3294
Airen,5660
Airren,4880
Aithusa,2966
Ajuxsy,5518
Ajwad,5071
Akabane,3852
Akashii,4506
Akutsune,3151
Alba,3086
Ale,1968
Alex234,5415
Aliplane,5007
Alix,4843
Alphaa,5542
Alternative,1914
Alvaro,4634
Amarizo,5647
Anathar,4896
Ancrath,4577
Andariel,3705
Andil,4938
Angel,1708
Annie Bot,5012
Anonymouss,4658
Antonio,5398
Anyyy,1624
Aqua2,5669
Aras,4732
Arding,5423
Aress,5343
Aria,452
Ariana,3469
Armao,1069
Armut,1308
Array,4184
Artemis,2078
Artifact,1448
Artoria,4907
Artun,5495
Arven,4952
Assum,4767
Astaa,5565
Astalia,5579
Asza,2892
Atat,5490
Avarice,4337
Avra,4389
Axelent,3285
Ayu,4976
Azhi,2863
B Butcher,5066
BAO,2649
Baca,1749
Badlulu,3998
Bala,5581
Bambii,5182
Bananiasty,4850
Bananitoo,1837
Banderas,4637
Batuuu,4727
Baul,5235
Baut,3428
Bayonetta,4438
Bdd,650
Bean,2135
BeanJ,3551
Beaupere,4055
Beichuan,3767
Belit,4999
Benda,3684
Benvi,4856
Benzz,5301
Beplush,3042
Bergmoon,5497
Berkan,3704
Berserker,3322
BeryL,2184
Betao,3699
Betty,931
Bewbiou,5465
Bibou,4903
Bie,1461
Bin,2606
Bini,3238
BioPanther,1622
Biskoo,4509
Blaber,1634
Black,2353
BlackSwan,4101
Blackout,5544
Blacky,3124
Blankk,5543
Blaze2,5554
BlazeD,5558
Blazes,1443
Blue,2420
Bo,3562
Boda,5010
Bolulu,2013
Bolyy1,4649
Boncuk,2765
Bong,4739
Botcuk,5498
Boukada,3492
Bounty,3215
Brance,3774
Breathe,2348
Breezy,2705
Brokenblade,1310
Brucs,5541
Buchi,5524
Buggax,1032
Bugi,1710
Built,5531
Bulecha,5600
Bull,3438
Bulldog,3974
Bung,3408
Burdol,4119
Busio,4500
Bvoy,2085
Bwipo,795
CPM,2969
CR0WN,4998
Cabochard,259
Cadde59A,5514
Caliste,4900
Calisto,5550
Calix,5058
Callme,4923
Calmsky,2148
Camana,4440
Campello,3938
Canyon,1909
Caps,802
Care,4580
Career,5204
Carim,5567
Cariok,1623
Carlsen,4316
Carnage,3867
Carros2,5662
Carry,4421
Carzzy,1584
Cassin,3556
Casting,4925
Castle,3328
Caucha,5034
Cavalo,3546
Cboi,1149
Celo,4481
Ceo,3638
Ceos,999
Cerecof,3994
Cha9,5420
ChaChaRon,5508
Chad,4178
Charley,4166
Checkfider,2780
Cheng9,5419
Chenxuan,2546
ChiCh1,5622
Chime,3063
Chirashi,5629
Chirp,5202
Chompy,5433
Chova,4346
Chovy,1629
Chrislai,5478
Cirilo,5597
Citrus,3236
Cl0x,2250
Clear,3421
Click,2100
Cloud2,5516
Clozer,3195
Colamax,2581
Colden,4721
Coldraa,3043
Color,1946
Comp,2063
Contractz,733
CoreJJ,257
Cotopaco,1520
Courage,4774
Crem,4720
Creme,3906
Criptik,5458
Crisma,5402
Crisp,1169
Croc,2746
Croco,2645
Croniik,4668
CrowYes,2890
Cryin,2675
Cryscata,4511
Cube,564
Cuzz,983
Czajek,2422
Czekolad,1618
D4SH,4360
D4nKa,2428
DALTON,5625
DANKI,4991
DDoiV,4927
DaJeung,4465
Daglas,4348
DahVys,1617
Dahlia,5417
Daiky,4586
Dal,4939
Damage,1658
Damkex,4641
Dancer,5404
Dany,1867
Daption,3807
Dardoch,628
DarkWings,3801
Darky,3885
Dasher,1240
Dashkai,5499
Davus,5653
Daystar,4221
Deadhound,5526
Deadly,1493
Decade,4267
Decay,2426
Deceiving,5277
Deft,44
Dehaste,2845
Deimos,4091
Dekap,4192
Deletus,4681
Delight,3411
Demonadc,4530
Demy,5416
DenVoksne,3871
Densi,4096
Denyk,1660
Derakhil,5492
DesoLinee,5411
Devn,5474
Dhokla,1135
Diable,4943
Diamond,1975
Dice,3351
Did,5037
Difference,4685
Dioge,3521
Dionelux,5510
Diplex,2881
Direnc,3157
Disamis,3527
Diva,3573
Dixie,5638
DizL,3483
Dizin,4757
Djoko,639
DnDn,3441
Doggo,3737
Dolis,4042
Domevch,5471
Don Ponk,5620
Dooly,5380
Dop4,5630
Doran,1242
Doss,1477
DoubleAiM,905
Dove,1260
Doxa,4602
Doxy,899
DrChaos,3508
Drag0,5644
Dragku,2515
Dragoon,3796
Drakehero,4485
Draktharr,3130
Dreilix,5100
Driver,2960
DuDu,3082
DuaLL,1600
Duck1,5439
Ducks,5623
Duro,4259
Dusseldrop,5231
Dusty,5547
EL,4255
EMPxD,5523
Eagle,5553
EasyLove,1557
Eckas,1839
Eckbard,5348
Ecstassy,3000
EdbyK,3671
Eddie,3245
Effort,1265
Efias,2340
Eika,592
ElBalyy,4654
Elio,3096
Elk,2376
Ellim,2919
Eloha,5608
Elramir,2231
Elyoya,2719
Emo,5154
Emptyy,5592
Empyros,3449
Endless,5578
Endz,2122
Enjawve,2064
Enosh,4838
Enso,2216
Envy,833
Envy Carry,2882
Envyy,3242
Ephekles,5111
Erdote,1815
Erolle,5219
Ersin,4066
Escik,3587
Esko,3690
Ethelikith,5199
Eugeo,3065
Evaan,4004
Ever,5649
Evi,969
Exakick,3194
Execute,2657
Exiled,4362
Exnom,5552
Eyla,1999
Eyliph,3193
F1VTY,5475
F4rg,2694
FBI,1138
FENZ1,3833
FGG,4051
FIERCE,5434
FIESTA,3439
FIuffy,5480
FUN k3y,2475
Fade,4490
Faded,4344
Faetski,4860
Faisal,4606
FaithXD,5014
FakeGod,1976
Faker,48
Fallen,2335
Falleo,4693
Farfetch,1334
FatBenny,5652
FatihCan,4317
Febiven,373
Fede,4656
Feisty,4234
Feng,5079
Ferret,2434
Findo,5441
Finn,1601
FireAscept,5504
Fireblade,5672
Fisher,4796
Flakked,2206
Flamer,4956
Flandre,341
Flawed,3371
Flay,5113
Flaystation,2967
Fleshy,4411
FlickeR,4708
FoFo,677
Forest,4309
Forlin,5602
Fornoreason,5143
Foxie,4352
FreakyFredd,5569
Freazy,5209
Fresskowy,1948
Frog,5203
Froggy,2897
Frost,4099
Frostsize,4680
Fudge,2359
Furby,5265
Furuy,2182
Fuuu,4765
Fynox,4736
GALA,1931
GGiler,5406
GIDEON,3327
Gaeng,1374
Gaethan,4006
Gakgos,5456
Galaxy,3093
Ganks,5409
GaraXy,5655
Garank,5619
Gastruks,3644
Gavotto,2876
Gemini,915
GentlemanHe,5476
Giyuu,2914
Gloryy,1104
GoDJJ,445
Goodo,3946
Goot,3516
Gordinho,5539
Gori,1235
Gravepast,4413
Grell,1682
Gremy,5145
Grevthar,2959
Grizzly,5161
Guigo,3116
Guigs,3910
Gumayusi,3247
Gury,5156
Guubi,2739
Guwon,4209
H0NEST,5477
H4cker,1072
HH,4258
HONOR,2772
HRK,4141
HUGOD,4699
Hades2,4995
Hadess,2939
Haeri,1992
Haichao,3336
Hakari,5643
Halo,3167
HamBak,4217
Hanabi,1330
Hang,2670
Hans SamD,3047
HansSama,732
Hantera,2049
Harky,5166
Harp,3237
Harpoon,3289
Hasagi,5460
Hasmed,2410
Haster,5397
Hatred,2849
Hauz,2225
HawHaw,4402
Haze,3888
Hazel,5256
HeSSZero,3477
Hebihime,5674
Hena,2644
Heng,3350
Henra,5047
Heroic,2783
Hery,4891
Hexflash,4747
Hid0,5245
Hidan,2786
Hieu3,2415
Highway,2424
Hiro,2831
Hiro02,2725
Hiro1,4111
Hjarnan,311
Holyphoenix,197
Hoon,1254
Hoopa,4830
Hope,1561
HorangE,5378
Horio,3657
HowLa,4165
Howling,3444
Hoya,2918
HuSha,2524
Hugato,3911
Huhi,579
Humanoid,1716
Humble,4993
Hummelu,5459
HungryPanda,2059
Hunt,4676
Hunter,5424
Hustlin,654
Hydra,3269
Hylissang,237
Hyo,4822
Hyorai,2058
Hype,3694
IB0,5519
ICU,4517
Icaruss,4912
Ice,3442
IceBreaker,2949
IgNar,463
IgnaVilu,4866
Iheb,5261
Ikigai,4526
IlllIma,3899
Ilyxou,5548
Impact,46
Improve,4478
Indecision,3502
Indr4,3274
Infinity,2179
Infoneral,3861
Innaxe,1476
Ino,3558
Insanity,1633
Inspired,1501
Invictis,5390
Iobellan,5538
Irrelevant,3493
Isles,2358
Isma,3996
IvanD,3600
Ivory,3717
Iwandy,2920
Izo,5612
J3rkie,5532
JNX,1817
JackeyLove,1267
Jackies,3266
Jackspektra,3466
Jalleba,5281
Jane,4551
Jankos,34
Janus,5377
Jauny,2806
Javier,3271
Jejky,2273
Jenkins,1292
Jensen,583
Jenxas,3014
Jeskla,1495
Jeyrus,2872
Jezu,2678
JiT,5117
Jiejie,2324
JimieN,2869
Jimsnop,3696
Jiwoo,4755
JoJo,2329
Joao,4368
Jocke,5573
Joexy,4738
JohnArnau,1741
Johnmofo,3819
Jool,2653
Jopa,3574
Josedeodo,1364
Juhan,2658
Jujutw0,4011
Julbu,3950
Juliera,4075
Jun,3425
JunJia,2907
Juzu,2350
Jwei,3645
K1ller,5437
KARIMKT,2055
KERUSHA,5507
KURBAX,5574
KaSing,125
Kaabs,5613
Kaba47,3464
Kabbie,1908
Kackos,1819
Kael,3323
Kaii1,5426
Kairi,3552
Kaiser,2704
Kaiwing,1006
Kakkun,4855
KalenBoss,5545
Kamiloo,4913
Kamyta,3085
Kanavi,2360
Kangin,4219
Kania,4870
Kaori,2242
Karis,3324
Karsa,404
Kati,2213
Katquese,5329
Katsurii,2356
Kayleqlated,5472
Kaymin,4333
Kaze,5009
Kazmma,5422
Keduii,2255
Keel,3542
Kehvo,2312
Kektz,1207
Kellin,1971
Kenal,4021
Kenvi,3184
Kepler,3306
Keria,1258
Kiari,3121
Kiaya,1671
Kibah,3410
Kick,3913
Kiefer,3134
Kiin,1115
Kikis,234
Killerqueen,3568
Kim Down,4886
KinGi,5335
Kina,5589
Kinatu,3555
Kingston,4418
Kio,3721
Kira,5658
Kireas,2229
Kisee,3751
Kisno,5564
Kituruken,2392
KlownZ,5018
Kneza,3637
Knight,1270
Knighter,3028
Kofte,2014
Kojima,4762
Kokos,5052
Koldo,1862
Kolios,5446
Kongyue,1324
Kozi,4643
Krastyel,997
Kratos,5169
Krims0n,5461
Krysia,3054
Kryze,2577
Kulvas,3149
Kurak,5388
Kuri,2672
Kuroneel,4898
Kyeahoo,5264
Kyu,5636
Kz,1366
LP,4106
LVS,4740
LaMelo,5511
Labrov,2887
Lac,5611
Lancer,4957
Larssen,1113
Lauva,2911
Lauxio,4355
Lava,1114
LeBron,2834
Leandrinn,5588
Leave,4305
LeeSA,2741
Legolas,4672
Lehends,738
Lekcyc,1344
Leks,5455
Leleko,4759
Lellis,5605
Lenom,3563
Lens,1719
Leny,5528
Leo,355
LeoLeCargo,4915
Leon,3343
Lesranct,5500
Levi,974
Levizin,5590
Leyan,2532
Liam Cole,5252
Libra,5443
Life,1906
Light,1303
Likai,3723
Lilipp,2460
Limit,1833
Linfeng,5670
Loading,5512
Loki,4861
Lonely,2894
Lonerr,5637
Looca,3226
Loopy,4236
Lot,4454
Lotuss,2843
Luana,2159
Lucid,3895
Lucker,1823
Lucky,3591
Luger,1792
Luke,5467
Lulas,1760
Lunddorf,2929
Luntear,5646
Lure,4562
Lurox,1474
Lwx,806
Lykki,5302
Lyncas,3482
Lynkez,1509
Lyonz,5029
M00SEY,5457
M4rth,5180
MAZI,4073
MG,5617
Macaquino,5429
Mafro,4675
Maged,5068
Mahonix,5008
Makes,4474
Makk,5224
Malrang,984
Manel,5137
ManoloGap,4653
Maple,286
Marble,4160
Marcus,4203
Mark,1932
Markoon,2720
Marky,3273
Mart,2378
Marty,5225
Marvin,5596
Marzo,4791
Mask,3241
Massu,4885
Mataz,5031
Matias,4905
Matixx,5195
Maxi,1816
Maynter,3706
MeLoNiK,2402
Meech,3799
Mega1,5198
MegaJ,5572
Melekx,3171
Mentor,5453
Merty,5610
Messages,5563
MetaCaptive,5615
Meteor,1933
MetroArcher,3084
Metroflox,5464
Mettalica,5540
Mettoe,4395
Midnight,4651
Mietek,5403
Mihile,4921
Mikyx,698
Mimic1,5070
Mind,5183
Mindrago,2996
Ming,804
Miniduke,2361
Minji,2864
Minui,4959
Mir,2357
Mirbs,2521
Mireu,3097
Misanthiel,4787
Mishal,5077
Mishigu,3507
Missing,1647
MnM,2080
Modliszka,5129
Mojito,1146
Momochi,4971
Monki,5358
Monstrob,5131
Morgan,2545
Morttheus,4758
Moyan,4261
MrPhant0m,5445
Mune,5616
Murph,5065
Mxe,4567
Myrtus,4908
Myrwn,4310
Mystiques,1494
N0way,1118
Naak Nako,4427
Naau,5428
Nafkelah,3457
Nakyung,5290
Namgung,5382
Namiru,5604
Nano,5102
NanoStrqfe,5496
Narttaker,2375
Nash,4563
Nasser,2794
Nata,3468
NattyNatt,5530
Nawa,4491
Nazgul,2837
Nebula,5385
Nectaar,3746
Nenad,5575
Neon,1082
Neramin,3564
Netuno,3530
Niceguyben,3204
Nicolo,5450
Nikola,2010
Nikolex,5451
Niles,3415
Nille,2961
Nilsog,5447
NinjaKiwi,4487
Nio,4929
Nisqy,873
Nite,2587
Noah,3320
Nobody,1365
Nogo,4552
Noki,4436
Noma,2366
Noodle,1487
Notiko,5048
Nsurr,5049
NuL1,5088
NuQ,3782
Nulu,640
Nykeus,5506
Nyx,1742
OMON,3081
ON,3353
Obelisk,5039
Obstinatus,2703
Oddie,747
Odoamne,308
Odysseia,5503
Olleh,232
On3Sh0t,5109
OnFleek,1856
Onat,5271
Oner,3741
Only35,1721
Optimus,975
Orca,5083
Orion,1213
Orrisot,4423
Oscarinin,2526
Osman123,4497
Own3r,1754
Ozgur,1552
PRIDE,1583
PTS,3825
Pabu,1404
Paduck,4215
Painful,5527
Paixdia,4442
Paladin,3590
Palafox,1282
Palette,1196
Pallet,5444
Pan,4847
Pangjin,5618
Panj,2899
Pann,4367
PapiTeero,3891
Paresz,5339
Parus,4455
Passzi,5525
Patch,1247
PatkicaA,2842
Patrik,1304
Peach,3422
Peanut,392
Pec0,2232
Peco,5598
Pehrson,4775
Peng,3076
Peop,4734
Peppe,3460
PerfecT,5122
Perkz,555
Perry,4605
Peter,4260
Peto,5240
Peyz,4247
Phantomles,2103
Philip,4098
Photic,2622
Photon,3743
PiOk,2469
Piero,4216
Piku,5425
Pilot,3126
Pipibaat,4979
Piwek,3366
Pl0x,3225
Pleata,2650
Plux,4615
Poby,4561
Pollu,4865
Poome,3059
Porcupine,5060
Pout,4251
PowerOfEvil,235
Ppgod,2604
Prage,5314
Pretender,4513
PrettyGRE,729
Pridestalkr,909
Prime,156
Prince,2669
Prismal,1980
ProDelta,3210
PsYcraw,4334
Pshybyl,5533
Puddin,4618
Pullbae,4224
Pun,2799
Pungyeon,5393
Pyosik,2664
Pyrka,1949
Pyshiro,5305
Qats,3513
Qiang,5167
Qiuqiu,1053
Qu4rtzo,4361
Quad,2648
Quantum,5394
Quid,4246
Quik,5513
Quintero,5216
Qwacker,3804
R4VEN,1935
REVENG,4828
ROCKBOOM,5562
Rabble,2885
Rabstar,5671
Racerr,5665
RafBin,5400
Ragnarr,5308
Ragner,1640
Rahel,3896
Raider,4657
Raiin,4835
Raining,3259
Raito,5462
Rames,3921
Random,1846
RapMonsters,2146
Raptor,4233
Rascal,1061
Rassiel,4629
Raxxo,892
RayFarky,2387
Rayito,2131
Razork,1491
Realer,5389
Reble,3325
RedBert,1011
Redfernal,4691
Reeker,2884
Rekkles,15
Relative,5116
Relhia,4210
RenYe,5418
Renewal,5173
Rest,1172
Reufury,4459
Revo,4620
Rhemio,2763
Rhilech,4439
Rhuckz,1070
Ribu,4646
Rich,1613
Richard I,4590
Rigel,4823
Rihn,5501
Rito,5430
River,2631
River1,5387
Roamer,3436
Robenong,5580
Robko,5645
Robo,845
Rocklho,2883
Roison,1470
Romeo,5520
RooKie,109
Rooster,4547
Rosa,5633
RoseThorn,3534
Roshan,4696
Route,1644
Ruep,4429
Ruf,3763
Ruler,685
RustySniper,5243
Rylle,5023
Ryoh,5664
Ryoma,1137
RyuK,3788
Ryujin,3139
Ryuzaki,1820
SENPAIII,5124
SHREDDER,3027
SLT,2681
SMILEY,1602
SOLBON,5661
SORROW,5668
ST3PZ,2903
Sacre,1577
Sadaz,4398
Saethra,5648
Sahira,3506
Saint,5123
Sajator,3258
Saken,1204
Salami,5396
Sami,5614
Samver,4744
Sangrod,4722
Sant,5273
Santa,5286
Santha,5493
Saulius,3951
Savero,3249
Sawyor,1844
Scarface,1473
Scarlet,1081
ScaryJerry,5272
Scofield,4728
Scorth,4456
Scout,610
Scuro,2878
Scxtt,4581
SeTab,4214
Seal,3383
Seaz,3480
Sebekx,870
Secrett,5561
Seelame,2683
Seize,2195
Selenex,5435
Selfmade,1465
Sencux,597
Seneca,5246
Sentio,5582
Septico1,3002
Serin,2764
Sertuss,1620
Shadow,1353
Shakur,5560
Shanks,3344
Shaoye,5368
Sharvel,5391
ShawiKatami,3160
Shaynise,5667
ShazQ,5395
Sheiden,4715
Shelfmade,5194
ShengBai,939
Sheo,3248
Shernfire,965
ShiauC,1420
Shift,5522
Shiganari,1349
Shikari,1568
Shinki,3750
Shlatan,1829
Shogun,4198
Shoto,5632
Shourdy,5549
ShowMaker,1250
Showfaker,5494
Shrio,5470
Shunn,4584
Shy Carry,4353
Siler,1563
Simpli,3874
Simpy,2118
Sirinox,2472
Siwoo,5392
Six10,4711
SkB,3523
Skeanz,1208
SkewMond,4946
Skude,2962
Slayer,5381
Slice,5431
Sloth,4453
SlowQ,3873
Slowz,5150
Slyv3r,3391
Smart,4124
Smarty,3681
Smash,4940
Smurfe,4670
Sn1lle,5022
Snaker,3914
Sniper,4616
SoCool,5584
SofM,710
Sold1er,5454
Solded,5517
SolidSnake,1519
Solokill,5084
Soraaa,4202
Sorn,1428
Sotsy,4901
Sounda,4922
Soweto,4483
Sparda,3736
Sparz,2908
Spawn,3536
Special,1570
SpeedoBear,4189
Spirax,4405
Sponge,4753
Spooder,4982
Spooky,2262
Spot,1442
Srtty,3814
Ssol,602
Stanpelly,5448
StarScreen,2011
Starry,5442
Stay,4126
Steal,878
Steeelback,374
Stefan,1578
Stend,4008
Sthe,5603
StineR,4764
Sting,2767
Stomaged,665
Stoneses,5140
Stookbeer,3392
Stormax,3991
Strode,4040
Sty1e,3095
Styx,5624
Subbex,4354
Summit,1264
Supa,2717
SuperCleber,4480
SuperSaiyan,5583
Sven,3481
Sw3ry,5546
Swip3rR,528
SwordArt,288
Sworm,5627
Sylvie,3440
Syzyf,5414
Syzyfek,5193
Szygenda,2130
TLamp,5114
TaNa,2194
Taara,3786
Taco,4225
Tactical,1979
Taegyeong,5289
Taeyoon,3424
TakeSet,3995
Taki,3550
TamoZ,3504
Tangyuan,4919
Targamas,1218
Tasteless,1481
Tatu,4776
Tay,866
Tazaku,3077
Tchokez,4688
Techoteco,3868
Teddy,799
Telas,3915
Tempester,5631
Tempt,651
Tenacity,3543
Terror 99,5576
Th3Antonio,1500
Thallnoss,5489
ThayT,5607
Thayger,4793
TheDiff,5571
Theniz,5482
Theoloris,5125
Theoo,5488
Thesnake,2082
Thien,2236
Thomas,3978
Thominhas,5139
Tian,1269
Tianzhen,5178
Tide,5085
Tiger1,5473
Time,522
Timeofte,5659
Tinowns,201
Titan,946
Toasty,4597
Tochas,3887
Tockimo,5191
TolanD,3443
Tomasino,5200
Tomo,3060
Tomrio,4617
Tonerre,1566
Toppy,4749
Torak,4951
Tore,879
Toucouille,2684
Toye,5379
Tracyn,4326
Traffy,5399
Trigo,3418
Trymbi,2046
Tsiperakos,3463
Tumay,3553
Tundra,5577
Tutsz,2709
Twelve,4385
Twiizt,2942
TynX,1565
Typhoon,3046
Tyrin,2877
Tyrone,5537
UFO,5407
Ucal,1504
Uciu,4343
UmTi,798
Umut,2230
UniqueCORN,5099
Upset,797
Vahvel,2354
Valehir,5663
Vampire,5359
Varin,5651
Vasco,5427
Vaunted,3488
Vaynedeta,3453
Veignorem,3989
Velja,2838
Velocity,4560
Venour,4327
Vergil,5515
Vertigo,4664
Vespa,4623
Vetheo,2685
Vicla,3326
Vigil,2161
Vikes,5469
Viking,1313
Vinchi,5557
Vinicete,5642
Vinicin,5656
Violet,1672
Violetta,5640
Viper,1228
Virtue,3172
VirusFx,5410
Visdom,1112
Vital,2761
Vixia,5502
Vizicsacsi,233
Vladi,4188
Vortum,3597
Vsta,2795
Vulcan,1301
Vzz,2277
W1ND,5226
WCD,5190
WachonBB,3816
Wako,929
Wallz,5650
Warszi,2311
Washidai,4524
Water,3826
Way,4572
Wayward,4303
Wei,388
WeiWei,2124
Welcom,3253
Wen,4103
Westlander,4386
Whip,5221
Whistle,4256
White,4387
Whiteknight,936
Whitelotus,552
Whynot,3778
WildTurtle,139
Wildenbruch,5181
Will,3983
Willer,3898
Wink,2029
Wixxi,4177
Wizer,2241
Wonka,4417
Woodon,5276
Woody,2862
Woolite,9
Worst,1744
Wrongo,5436
Wufo,5072
Wuis,5559
Wunder,596
XERSUS7,4539
XUN,3330
Xagog,5110
Xeltop,5006
Xeonerr,3290
Xerxe,809
Xiamu,3316
Xiaohao,4067
Xiaolaohu,3297
Xiaoxu,4918
Xico,1335
Xicor,4546
XnS,4723
XoNix,2445
Xoska,5606
Xpert,5551
XuHao,1434
YEG7,4425
YSKM,4810
Yagao,1278
Yakkey,4068
Yampi,947
Yanjee,4363
Yashiro,2270
Yeon,3537
Yerikan,5408
Yeti,5192
Yike,3406
YoOlek,5657
Yohan1,1333
Yoshino,2226
Youca,5207
Youdang,1805
Young,4181
Yuekai,880
Yuhi,2127
Yuki,5535
Yupps,3212
Yursan,3099
Yusah,5673
Yuta,3380
Yutapon,535
Yuuji,4404
ZD1,5485
ZOEN,5263
ZaFiR,3835
ZaZee,1575
Zaiiche,5432
Zamudo,4595
Zamulek,2404
Zanzarah,791
Zapdo,5098
Zaremba,1958
Zdz,2217
Zeka,2906
Zeko,5288
Zergsting,1156
Zeus,3658
Zeyzal,854
Zhangsid,5463
Zhergoth,935
Zhovy,5384
Zhuo,3352
Zicssi,3999
Zika,4473
Zimba,4648
Zin,1444
Zinie,5566
Zodiac,2413
Zoelys,4001
Zoiren,884
Zorac,3363
Zorah,4286
Zothve,3639
Zubac,4028
Zwyroo,1800
Zyko,4173
aikawa,5587
allorim,857
aveng3r,2968
bbeNj,5641
bicas,3745
bluerzor,1216
bobista,3901
bucu,1937
buffi,5405
c0st0m,5570
cOldMemo,5479
carium,4892
chef,4444
cio,4842
cody,2807
curty,5601
cyraXx,3708
czypsy,3051
dan,459
danzA,5534
de sidere,3165
defflok,3627
denizzz,5484
deokdam,2508
destroy,2667
dibu,2951
doom,5274
doraemon,5383
dyNquedo,838
eHopp,5440
eXyu,4175
eaRyz,4906
emotional,5654
enel1,4476
fNb,1915
fabFabulous,194
foreigner,4464
frosty,5270
froy,5509
ggv,5585
gm edvard,5529
goldento4st,3581
goose,5179
helforca,5483
hermes1,5639
hetel,4161
hidududu,5481
iBo,868
iLevi,3582
interen,5628
isac,5505
jactroll,1087
jinjiao,509
jinjo,1399
jmz,5595
jojopyun,3544
jokaa,4950
justcan,5621
k1ng,967
kPr,4538
kamilius,1849
kaylem,2978
kingen,1229
klowny,2355
konseki,5591
koubee,4033
kubYD,2406
kylin,5412
leemas,4468
lolo,5635
looki,5468
many,3052
marlon,3903
meiko,386
mercyy,4321
mfis,4967
micaO,438
mihai,2981
milkyway,5556
minemaciek,3902
mirza,5626
mumek,4647
naiyou,5350
neyzz,4818
niN,4760
nicolaiy,5536
noname,4671
nox1,5386
noz2k,5466
nuc,3486
odi11,3050
ofke,5486
ouroboy,1000
pr1me,3163
pump,5449
randal,5594
rjs,1164
rngu,5634
robocop,1842
s1aytrue,4083
sajed,5438
sappxire1,5491
scamber,3528
scary,3764
seiya,748
seov,5487
shanji,3312
sheer,5351
shochi,4611
silkysmath,4638
stanik,3631
tavares,5593
tibor,3222
tol2,4150
tooshi,4399
towhat,4366
tuokaZ,4725
twohoyrz,2850
uZent,5586
uden,4642
unzy,4435
v1SaG3,4357
whiteinn,2836
winnie,3062
wittman,5401
woa,5609
xKenzuke,2352
xhantos,5666
xiaofang,5360
xiaohu,347
xiaoyueji,4279
xmatty,1591
xyno,5347
yeat,4430
zay,4479
zorenous,4462
zynts,5599
